event,coefficients,stderr,n,course
christchurch,-0.0115899052627518,0.00473822473225698,776,christchurch
wellington,-0.0103075570119177,0.00407368271352653,906,wellington
auckland,0,0,1299,auckland
mountain-to-surf,0.0101873394493107,0.0128539236368276,37,to-surf
rotorua,0.0142012502119246,0.00312313668964906,3778,rotorua
tauranga-international,0.0148210091141816,0.00600456026293697,209,international
taupo,0.0230699496756502,0.00517795089663807,347,taupo
queenstown,0.0328886234570084,0.00426539790357902,893,queenstown
hawkes-bay,0.0435854030866753,0.00457692849861079,495,bay
