event,coefficients,stderr,n,course
christchurch,-0.0115899052627511,0.00473822473225698,776,christchurch
wellington,-0.0103075570119184,0.00407368271352654,906,wellington
auckland,0,0,1299,auckland
mountain-to-surf,0.0101873394493097,0.0128539236368277,37,to-surf
rotorua,0.0142012502119224,0.00312313668964905,3778,rotorua
tauranga-international,0.0148210091141809,0.00600456026293697,209,international
taupo,0.0230699496756472,0.00517795089663806,347,taupo
queenstown,0.0328886234570063,0.00426539790357902,893,queenstown
hawkes-bay,0.0435854030866747,0.00457692849861078,495,bay
